Trade	MktID	MarketName	TradableMnth	Weight	Slpg	Open	Close	CtCnt	Settle	BB	RIC	Tm1	Tm2	EnEndAdj	ExOT	ExPeriod	RebBegin	RebEnd	RollBegin	RollEnd	StpLossPeriod	BBExch	IBRoot	IBExch	OpenReg	URic	UIB	UR2NIntra	URNEX2d	UEm	ProdWithAsian	Note
N	1101	Corn@CBT	[001010100001]	1	0.05%	19:00	13:20	8	13:15	C A Comdty	C	08:35	12:00	20	Vwap	10	08:35	09:25	08:35	09:25		CBT	ZC	ECBOT		Y	Y	Y	Y	Y	Y	
N	1102	Corn@DCE	[100010001000]	1	0.05%	08:59	16:00	8	16:00	ACA Comdty	DCC	13:40	13:40	12	Vwap	2	13:50	14:50	13:50	14:50		DCE				N	N	N	N	N	N	
N	1103	Maize@EOP	[101001010010]	1	0.16%	10:45	18:30	8	18:30	EPA Comdty	EMA	10:55	10:55	12	Vwap	2	10:50	11:50	11:05	12:05		EOP	EMA	MATIF		Y	Y	N	Y	N	N	
N	1201	Cotton@ZCE	[101010101010]	1	0.05%	21:00	15:00	8	15:00	VVA Comdty		13:40	13:40	12	Vwap	2	13:50	14:50	13:50	14:50		ZCE				N	N	N	N	N	N	
N	1202	Cotton No. 2@NYB	[001010100001]	1	0.05%	21:00	14:20	8	14:15	CTA Comdty	CT	08:00	12:00	20	Vwap	10	21:00	03:00	08:15	09:15	1	NYB	CT	NYBOT	21:00	Y	Y	Y	Y	Y	Y	
N	1301	Palm Oil@DCE	[100010001000]	1	0.05%	21:00	16:00	8	16:00	PALA Comdty	DCP	13:40	13:40	12	Vwap	2	13:50	14:50	13:50	14:50		DCE				N	N	N	N	N	N	liq
N	1302	White Sugar@ZCE	[101010101010]	1	0.05%	21:00	15:00	8	15:00	CBA Comdty		13:40	13:40	12	Vwap	2	13:50	14:50	13:50	14:50		ZCE				N	N	N	N	N	N	
N	1303	Sugar No. 11@NYB	[001010100100]	1	0.05%	03:30	13:00	8	12:55	SBA Comdty	SB	03:35	12:00	20	Vwap	10	03:35	04:45	03:45	04:45	3	NYB	SB	NYBOT		Y	Y	Y	Y	Y	Y	
N	1304	Egg@DCE	[111111001111]	1	0.05%	08:59	16:00	8	16:00	DCEA Comdty		13:40	13:40	12	Vwap	2	13:50	14:50	13:50	14:50		DCE				N	N	N	N	N	N	
N	1305	London Cocoa No. 7@LIF	[001010101001]	1	0.05%	09:30	16:55	8	16:50	QCA Comdty	LCC	09:35	09:35	20	Vwap	10	09:35	11:40	10:40	11:40	3	LIF	C	ICEEUSOFT		Y	Y	Y	Y	Y	Y	Fix BST time
N	1306	Cocoa@NYB	[001010101001]	1	0.05%	04:45	13:30	8	11:50	CCA Comdty	CC	04:50	04:50	20	Vwap	10	04:45	05:45	04:45	05:45	3	NYB	CC	NYBOT		Y	Y	Y	Y	Y	Y	
N	1307	Coffee C@NYB	[001010101001]	1	0.05%	04:15	13:30	8	13:25	KCA Comdty	KC	04:20	04:20	20	Vwap	10	04:20	05:20	04:20	05:20	3	NYB	KC	NYBOT		Y	Y	Y	Y	Y	Y	
N	1308	Robusta Coffee@LIF	[101010101010]	1	0.05%	09:00	17:30	8	17:05	DFA Comdty	LRC	09:05	09:05	20	Vwap	10	09:15	10:15	09:15	10:15	3	LIF	D	ICEEUSOFT		Y	Y	Y	Y	Y	Y	Fix BST time
N	1309	Sugar@LIF	[001010010101]	1	0.05%	08:45	18:00	8	17:05	QWA Comdty	LSU	08:50	08:50	20	Vwap	10	08:50	09:50	08:50	09:50	3	LIF	W	ICEEUSOFT		Y	Y	Y	Y	Y	Y	Fix EDT time
N	1310	Milk@CME	[111111111111]	1	0.05%	17:05	16:00	8	13:10	DAA Comdty	DA	09:15	09:15	12	Vwap	2	09:25	10:25	09:25	10:25		CME	DA	GLOBEX		Y	Y	N	N	N	N	liq
N	1311	FCOJ@NYB	[101010101010]	1	0.05%	08:00	14:00	8	13:30	JOA Comdty	OJ	08:05	08:05	20	Vwap	10	08:15	09:15	08:15	09:15	1	NYB	OJ	NYBOT		Y	Y	Y	Y	Y	Y	
N	1401	Live Cattle@CME	[010101010101]	1	0.05%	08:30	13:05	8	13:00	LCA Comdty	LC	08:35	12:00	20	Vwap	10	08:40	09:50	08:40	09:40	3	CME	LE	GLOBEX	08:30	Y	Y	Y	Y	Y	N	
N	1402	Lean Hogs@CME	[010101010101]	1	0.05%	08:30	13:05	8	13:00	LHA Comdty	LH	08:35	08:35	20	Vwap	10	08:40	09:50	08:50	09:50	3	CME	HE	GLOBEX	08:30	Y	Y	Y	Y	Y	Y	
N	1403	Feeder Cattle@CME	[101010011110]	1	0.05%	08:30	13:05	8	13:00	FCA Comdty	FC	08:35	08:35	20	Vwap	10	08:40	09:50	08:50	09:50	3	CME	GF	GLOBEX	08:30	Y	Y	N	Y	N	N	liq
N	1501	Rapeseed@ZCE	[101010111010]	1	0.05%	21:00	15:00	8	15:00	ZRRA Comdty		16:10	16:10	12	Vwap	2	08:35	09:25	08:35	09:25		ZCE				N	N	N	N	N	N	
N	1502	Rapeseed Oil@ZCE	[101010101010]	1	0.05%	21:00	15:00	8	15:00	ZROA Comdty		13:40	13:40	12	Vwap	2	13:50	14:50	13:50	14:50		ZCE				N	N	N	N	N	N	
N	1503	Canola@WCE	[101010100010]	1	0.05%	19:00	13:20	8	13:15	RSA Comdty	RS	19:10	19:10	12	Vwap	2	08:35	09:25	08:35	09:25	3	WCE				N	N	N	N	N	N	
N	1504	Euro Rapeseed@EOP	[010010010010]	1	0.07%	10:45	18:30	8	18:30	IJA Comdty	COM	10:47	10:47	20	Vwap	10	10:50	12:00	11:00	12:00	3	EOP	ECO	MATIF		Y	Y	N	Y	N	N	
N	1505	Early Indica Rice@ZCE	[101010101010]	1	0.05%	09:00	15:00	8	15:00	IRIA Comdty		13:40	13:40	12	Vwap	2	13:50	14:50	13:50	14:50		ZCE				N	N	N	N	N	N	
N	1506	Oats@CBT	[001010100001]	1	0.05%	19:00	13:20	8	13:15	O A Comdty	O	08:40	08:40	12	Vwap	2	08:50	09:50	08:50	09:50		CBT	ZO	ECBOT		Y	Y	N	N	N	N	liq
N	1507	Rough Rice@CBT	[101010101010]	1	0.05%	19:00	13:20	8	13:15	RRA Comdty	RR	08:40	08:40	12	Vwap	2	08:50	09:50	08:50	09:50		CBT	ZR	ECBOT		Y	Y	N	N	N	N	liq
N	1601	Soymeal@DCE	[100010001000]	1	0.05%	21:00	16:00	8	16:00	AEA Comdty	DSM	13:40	13:40	12	Vwap	2	13:50	14:50	13:50	14:50		DCE				N	N	N	N	N	N	
N	1602	Soybean Oil@DCE	[100010001000]	1	0.05%	21:00	16:00	8	16:00	SHA Comdty	DBY	13:40	13:40	12	Vwap	2	13:50	14:50	13:50	14:50		DCE				N	N	N	N	N	N	
N	1603	Soybean No. 1@DCE	[100010001000]	1	0.05%	21:00	16:00	8	16:00	AKA Comdty	DSA	13:40	13:40	12	Vwap	2	13:50	14:50	13:50	14:50		DCE				N	N	N	N	N	N	
N	1604	Soybean@CBT	[100010100010]	1	0.05%	19:00	13:20	8	13:15	S A Comdty	S	08:35	08:35	20	Vwap	10	08:35	09:25	08:35	09:25	1	CBT	ZS	ECBOT		Y	Y	Y	Y	Y	Y	
N	1605	Soybean Meal@CBT	[101010101001]	1	0.05%	19:00	13:20	8	13:15	SMA Comdty	SM	08:35	12:30	20	Vwap	10	08:35	09:25	08:35	09:25		CBT	ZM	ECBOT		Y	Y	Y	Y	Y	Y	
N	1606	Soybean Oil@CBT	[101010101001]	1	0.05%	19:00	13:20	8	13:15	BOA Comdty	BO	08:35	12:00	20	Vwap	10	08:35	09:25	08:35	09:25	3	CBT	ZL	ECBOT		Y	Y	Y	Y	Y	Y	
N	1701	Winter Wheat@CBT	[001010101001]	1	0.05%	19:00	13:20	8	13:15	W A Comdty	W	08:35	08:35	20	Vwap	10	08:35	09:25	08:35	09:25		CBT	ZW	ECBOT		Y	Y	Y	Y	Y	Y	
N	1703	Hard Red Wheat@CBT	[001010101001]	1	0.05%	19:00	13:20	8	13:15	KWA Comdty	KW	08:35	08:35	20	Vwap	10	08:35	09:25	08:35	09:25		CBT	KE	ECBOT		Y	Y	Y	Y	Y	Y	
N	1704	Strong Gluten Wheat@ZCE	[101010101010]	1	0.05%	09:00	15:00	8	15:00	VNA Comdty		13:40	13:40	12	Vwap	2	13:50	14:50	13:50	14:50		ZCE				N	N	N	N	N	N	
N	1705	Red Spring Wheat@MGE	[001010101001]	1	0.05%	19:00	13:45	8	13:15	MWA Comdty	1MWE	08:35	08:35	20	Vwap	10	08:35	09:25	08:45	09:45		MGE				N	N	N	N	N	N	
N	1706	Milling Wheat@EOP	[001010001001]	1	0.14%	10:45	19:30	8	18:30	CAA Comdty	BL2	10:55	10:55	20	Twap	10	10:50	12:05	11:05	12:05		EOP	EBM	MATIF		Y	Y	N	Y	N	N	before 2015/09 [101010000010]
N	2101	Coke@DCE	[100010001000]	1	0.05%	21:00	16:00	8	16:00	KEEA Comdty	DCJ	13:40	13:40	12	Vwap	2	13:50	14:50	13:50	14:50		DCE				N	N	N	N	N	N	
N	2102	Coking Coal @DCE	[100010001000]	1	0.05%	21:00	16:00	8	16:00	CKCA Comdty		13:40	13:40	12	Vwap	2	13:50	14:50	13:50	14:50		DCE				N	N	N	N	N	N	
N	2103	Thermal Coal@ZCE	[111111111111]	1	0.05%	21:00	15:00	8	15:00	TRCA Comdty		13:40	13:40	12	Vwap	2	13:50	14:50	13:50	14:50		ZCE				N	N	N	N	N	N	
N	2201	Brent Crude Oil@ICE	[111111111111]	1	0.05%	01:00	22:00	8	19:30	COA Comdty	LCO	02:50	07:00	20	Vwap	10	01:10	02:30	07:10	08:10	1	ICE	COIL	IPE	01:00	Y	Y	Y	Y	Y	Y	Fix EDT time
N	2202	WTI Crude Oil@NYM	[111111111111]	1	0.05%	18:00	17:00	8	14:30	CLA Comdty	CL	12:30	09:00	20	Vwap	10	08:35	09:25	01:30	02:30	3	NYM	CL	NYMEX	09:00	Y	Y	Y	Y	Y	Y	
N	2203	WTI Crude Oil@ICE	[111111111111]	1	0.05%	01:00	22:00	8	19:30	ENA Comdty	WTCL	01:10	01:10	12	Vwap	2	07:10	08:10	07:10	08:10		ICE	WTI	IPE		Y	Y	N	N	N	N	
N	2301	Natral Gas@NYM	[111111111111]	1	0.05%	18:00	17:00	8	14:30	NGA Comdty	NG	07:00	00:10	20	Vwap	10	20:00	04:10	07:10	08:10		NYM	NG	NYMEX	09:00	Y	Y	Y	Y	Y	Y	
N	2302	Natral Gas@ICE	[111111111111]	1	0.05%	07:00	17:00	8	16:15	FNA Comdty		07:10	07:10	12	Vwap	2	07:10	08:10	07:10	08:10	1	ICE	NGF	IPE		Y	Y	N	N	N	N	
N	2401	Gasoil@ICE	[111111111111]	1	0.05%	01:00	22:00	8	16:30	QSA Comdty	LGO	08:40	08:40	20	Vwap	10	01:10	02:30	07:10	08:10	1	ICE	GOIL	IPE	01:00	Y	Y	Y	Y	Y	Y	Fix EDT time
N	2402	Heating Oil@NYM	[111111111111]	1	0.05%	18:00	17:00	8	14:30	HOA Comdty	HO	09:05	09:05	20	Vwap	10	20:00	04:10	07:10	08:10		NYM	HO	NYMEX	09:00	Y	Y	Y	Y	Y	Y	
N	2403	Gasoline RBOB@NYM	[111111111111]	1	0.05%	18:00	17:00	8	14:30	XBA Comdty	RB	09:05	09:05	20	Vwap	10	08:35	09:25	07:10	08:10		NYM	RB	NYMEX	09:00	Y	Y	Y	Y	Y	Y	
N	2404	Heating Oil@ICE	[111111111111]	1	0.05%	01:00	21:59	8	19:30	NVA Comdty	LHO	01:10	01:10	12	Vwap	2	07:10	08:10	07:10	08:10		ICE	HOIL	IPE		Y	Y	N	N	N	N	
N	2405	Gasoline RBOB@ICE	[111111111111]	1	0.05%	01:00	21:59	8	16:30	PGA Comdty	LRB	01:10	01:10	12	Vwap	2	07:10	08:10	07:10	08:10	1	ICE	RBOT	IPE		Y	Y	N	N	N	N	
N	2406	Bitumen@SHF	[111111111111]	1	0.05%	21:00	15:00	8	15:00	BITA Comdty		13:40	13:40	12	Vwap	2	13:50	14:50	13:50	14:50		SHF				N	N	N	N	N	N	
N	2501	ECX EMISSION@ICE	[001001001001]	1	0.05%	08:00	18:00	8	16:50	MOA Comdty		08:00	08:00	12	Vwap	10	08:00	10:00	10:00	12:00		ICE				N	N	N	N	N	N	
Y	3101	10-year US Treasury@CBT	[001001001001]	1	0.01%	17:05	16:00	8	14:00	TYA Comdty	ZN	07:00	07:00	20	Vwap	10	08:35	09:25	08:10	09:10	1	CBT	ZN	ECBOT		Y	Y	Y	Y	Y	Y	
Y	3102	Euro Bund@EUX	[001001001001]	1	0.01%	02:10	22:00	8	17:15	RXA Comdty	FGBL	12:00	12:00	20	Vwap	10	08:10	09:10	08:10	09:10	3	EUX	GBL	DTB		Y	Y	Y	Y	Y	Y	
Y	3103	5-year US Treasury@CBT	[001001001001]	1	0.01%	17:05	16:00	8	14:00	FVA Comdty	ZF	07:00	07:00	20	Vwap	10	08:35	09:25	08:10	09:10		CBT	ZF	ECBOT		Y	Y	Y	Y	Y	Y	
Y	3104	Euro Bobl@EUX	[001001001001]	1	0.01%	02:10	22:00	8	17:15	OEA Comdty	FGBM	12:30	09:00	20	Vwap	10	08:20	09:20	08:20	09:20		EUX	GBM	DTB		Y	Y	Y	Y	Y	N	
N	3105	Euro Schatz@EUX	[001001001001]	1	0.01%	02:10	22:00	8	17:15	DUA Comdty	FGBS	08:10	08:10	12	Vwap	2	08:20	09:20	08:20	09:20		EUX	GBS	DTB		Y	Y	N	N	N	N	
Y	3106	30-year US Treasury @CBT	[001001001001]	1	0.01%	17:05	16:00	8	14:00	USA Comdty	ZB	06:05	06:05	20	Vwap	10	08:35	09:25	07:10	08:10	1	CBT	ZB	ECBOT		Y	Y	Y	Y	Y	Y	
Y	3107	Long Gilt@LIF	[001001001001]	1	0.01%	08:00	18:00	8	16:15	G A Comdty	FLG	12:00	12:30	20	Vwap	10	08:10	09:10	08:10	09:10	3	LIF	R	ICEEU		Y	Y	Y	Y	Y	N	
Y	3108	2-Year US Treasury@CBT	[001001001001]	1	0.01%	17:05	16:00	8	14:00	TUA Comdty	ZT	07:30	07:30	12	Vwap	2	08:35	09:25	07:10	08:10		CBT	ZT	ECBOT		Y	Y	N	N	N	N	
N	3109	3-Year Australian @SFE	[001001001001]	1	0.01%	17:05	16:30	8	16:30	YMA Comdty	YTT	08:40	08:40	12	Vwap	2	08:50	09:50	08:50	09:50		SFE	YT	SNFE		Y	Y	N	N	N	N	
N	3110	10-Year Australian@SFE	[001001001001]	1	0.01%	17:05	16:30	8	16:30	XMA Comdty	YTC	08:42	08:42	12	Vwap	2	08:52	09:52	08:52	09:52		SFE	XT	SNFE		Y	Y	N	N	N	N	
N	3111	3-Year Korea@KFE	[001001001001]	1	0.01%	08:00	15:45	8	15:45	KEA Comdty	KTB	09:10	09:10	12	Twap	2	09:20	10:20	09:20	10:20		KFE	3KTB	KSE		Y	Y	N	N	N	N	
Y	3112	US Treasury Ultra Bond@CBT	[001001001001]	1	0.01%	17:05	16:00	8	14:00	WNA Comdty	AUL	07:10	07:10	20	Vwap	10	08:35	09:25	06:10	07:10	1	CBT	UB	ECBOT		Y	Y	Y	Y	Y	Y	
Y	3113	10-year Canadian Govt Bond@MSE	[001001001001]	1	0.01%	06:00	16:30	8	15:00	CNA Comdty	CGB 	10:30	06:05	20	Vwap	10	06:10	07:10	06:10	07:10	1	MSE	CGB	CDE		Y	Y	Y	Y	N	Y	
N	3114	5-year Canadian Govt Bond@MSE	[001001001001]	1	0.01%	06:00	16:30	8	15:00	XQA Comdty	CGF	06:10	06:10	12	Vwap	2	08:00	09:00	08:00	09:00		MSE	CGF	CDE		Y	Y	N	N	N	N	
N	3115	10-year Italian Govt Bond@EUX	[001001001001]	1	0.01%	08:00	19:06	8	17:15	IKA Comdty	FBTP	12:00	10:30	20	Vwap	10	08:10	09:10	08:10	09:10	3	EUX	BTP	DTB		Y	Y	N	Y	N	N	
Y	3116	French Govt Bond@EUX	[001001001001]	1	0.01%	08:00	20:00	8	17:15	OATA Comdty	FOAT	08:05	12:00	20	Vwap	10	08:10	09:10	08:10	09:10	3	EUX	OAT	DTB		Y	Y	N	N	N	N	
N	3117	10-year Japan Govt Bond@TSE	[001001001001]	1	0.01%	08:45	15:05	8	14:55	JBA Comdty	JGB	10:30	08:55	20	Vwap	10	09:05	10:05	09:05	10:05	3	TSE	JGB	TSEJ		Y	Y	N	N	N	Y	
N	3118	10-Year Korea Treasury Bond@KFE	[001001001001]	1	0.01%	08:00	15:45	8	15:45	KAAA Comdty	10TB	09:10	09:10	12	Vwap	2	09:20	10:20	09:20	10:20		KFE	FLKTB	KSE		Y	Y	N	N	N	N	
Y	3119	Euro Buxl@EUX	[001001001001]	1	0.01%	02:10	22:00	8	17:15	UBA Comdty	FGBX	08:05	09:00	20	Vwap	10	08:05	09:05	08:05	09:05	3	EUX	GBX	DTB		Y	Y	Y	Y	Y	N	
N	3120	3-year Italian Bond@EUX	[001001001001]	1	0.01%	08:00	19:00	8	17:15	BTSA Comdty	FBTS	08:10	08:10	12	Vwap	2	08:20	09:20	08:20	09:20		EUX	BTS	DTB		Y	Y	N	N	N	N	
N	3121	5-year Swedish Govt Bonde@PMI	[001001001001]	1	0.01%	09:15	16:00	8	16:00	SKA Comdty		09:10	09:10	12	Vwap	2	09:20	10:20	09:20	10:20		PMI				N	N	N	N	N	N	
N	3122	2-year Swedish @PMI	[001001001001]	1	0.01%	09:15	17:20	8	17:20	SLA Comdty		09:10	09:10	12	Vwap	2	09:20	10:20	09:20	10:20		PMI				N	N	N	N	N	N	
N	3124	5-year China Govt Bond@CFF	[001001001001]	1	0.01%	09:10	15:15	8	15:15	TFCA Comdty		13:10	13:10	12	Vwap	2	13:20	14:20	13:20	14:20		CFF				N	N	N	N	N	N	
N	3201	USD Index@FNX	[001001001001]	1	0.01%	20:00	18:00	8	15:00	DXA Curncy	DX	02:00	02:00	20	Vwap	10	08:20	09:20	08:20	09:20	3	FNX	DX	NYBOT		Y	Y	Y	Y	Y	Y	
N	3202	EUR/GBP@CME	[001001001001]	1	0.01%	17:05	16:00	8	14:00	RPA Curncy	RP	03:05	03:05	40	Vwap	30	08:35	09:25	01:50	03:50		CME	RP	GLOBEX	17:00	Y	Y	N	Y	N	N	
N	3203	EUR/JPY@CME	[001001001001]	1	0.01%	17:05	16:00	8	14:00	RYA Curncy	RY	19:05	19:05	40	Vwap	30	08:35	09:25	02:30	04:30	3	CME	RY	GLOBEX		Y	Y	N	Y	N	N	
N	3204	EUR/CHF@CME	[001001001001]	1	0.01%	17:05	16:00	8	14:00	RFA Curncy	RF	17:10	17:10	40	Vwap	30	08:35	09:25	03:05	04:05		CME	RF	GLOBEX		Y	Y	N	N	N	N	
N	3205	JPY/USD@CME	[001001001001]	1	0.01%	17:05	16:00	8	14:00	JYA Curncy	JY	07:00	10:30	20	Vwap	10	08:35	09:25	08:35	09:25	3	CME	JPY	GLOBEX		Y	Y	Y	Y	Y	Y	
N	3206	EUR/USD@CME	[001001001001]	1	0.01%	17:05	16:00	8	14:00	ECA Curncy	URO	07:00	00:10	20	Vwap	10	08:35	09:25	07:10	08:10	1	CME	EUR	GLOBEX	17:00	Y	Y	Y	Y	Y	Y	
N	3207	GBP/USD@CME	[001001001001]	1	0.01%	17:05	16:00	8	14:00	BPA Curncy	BP	07:00	07:00	20	Vwap	10	08:35	09:25	00:20	01:20	1	CME	GBP	GLOBEX	17:00	Y	Y	Y	Y	Y	Y	
N	3208	AUD/USD@CME	[001001001001]	1	0.01%	17:05	16:00	8	14:00	ADA Curncy	AD	18:05	18:05	20	Vwap	10	08:35	09:25	02:10	05:10	3	CME	AUD	GLOBEX		Y	Y	Y	Y	Y	Y	
N	3209	CAD/USD@CME	[001001001001]	1	0.01%	17:05	16:00	8	14:00	CDA Curncy	CD	07:00	09:00	20	Vwap	10	08:35	09:25	01:40	02:50	3	CME	CAD	GLOBEX		Y	Y	Y	Y	Y	Y	
N	3210	MXN/USD@CME	[001001001001]	1	0.01%	17:05	16:00	8	14:00	PEA Curncy	MP	00:10	10:30	20	Vwap	10	08:35	09:25	09:10	10:10		CME	MXP	GLOBEX		Y	Y	N	N	N	N	
N	3211	CHF/USD@CME	[001001001001]	1	0.01%	17:05	16:00	8	14:00	SFA Curncy	SF	10:30	20:00	20	Vwap	10	08:35	09:25	08:35	09:25	3	CME	CHF	GLOBEX	17:00	Y	Y	Y	Y	Y	Y	
N	3212	NZD/USD@CME	[001001001001]	1	0.01%	17:05	16:00	8	14:00	NVA Curncy	NE	07:00	07:00	20	Vwap	10	08:35	09:25	08:35	09:25	3	CME	NZD	GLOBEX		Y	Y	Y	Y	Y	Y	
N	3223	Bitcoin@CBF	[111111111111]	1	0.03%	15:30	15:15	8	15:00	XBTA Curncy		18:30	18:30	10	Vwap	10	08:35	09:25	18:40	19:40		CBF				N	N	N	N	N	N	
N	3224	Bitcoin@CME	[001001001001]	1	0.03%	17:05	16:00	8	15:00	BTCA Curncy		18:30	18:30	10	Vwap	10	08:35	09:25	18:40	19:40	3	CME				N	N	N	N	N	N	
N	3301	Eurodollar 3Mon@CME	[001001001001]	1	0.01%	17:05	16:00	8	14:00	EDA Comdty	ED	07:30	07:30	12	Vwap	2	07:40	08:40	07:40	08:40		CME	GE	GLOBEX		Y	Y	N	N	N	N	
N	3302	Sterling 90 day@LIF	[001001001001]	1	0.01%	07:30	18:00	8	16:15	L A Comdty	FSS	07:40	07:40	12	Vwap	2	07:50	08:50	07:50	08:50		LIF	L	ICEEU		Y	Y	N	N	N	N	
N	3303	Euribor 3Mon@LIF	[001001001001]	1	0.01%	01:00	21:00	8	16:15	ERA Comdty	FEI	07:10	07:10	12	Vwap	2	07:20	08:20	07:20	08:20		LIF	I	ICEEU		Y	Y	N	N	N	N	
N	3304	Canadian Bank Bill@MSE	[001001001001]	1	0.01%	06:00	16:30	8	15:00	BAA Comdty	BAX	06:10	06:10	12	Vwap	2	06:20	07:20	06:20	07:20		MSE	BAX	CDE		Y	Y	N	N	N	N	
N	3305	Australian Bank Bill@SFE	[001001001001]	1	0.01%	17:08	16:30	8	16:30	IRA Comdty	YBA	08:38	08:38	12	Vwap	2	08:48	09:48	08:48	09:48		SFE	IR	SNFE		Y	Y	N	N	N	N	
N	3306	Swedish IMM@PMI	[001001001001]	1	0.01%	07:00	17:30	8	17:30	RAA Comdty		08:40	08:40	12	Vwap	2	08:50	09:50	08:50	09:50		PMI				N	N	N	N	N	N	
N	3308	Euroswiss 3 Mon@LIF	[001001001001]	1	0.01%	07:30	18:00	8	16:15	ESA Comdty	FES	07:40	07:40	12	Vwap	2	07:50	08:50	07:50	08:50		LIF	S	ICEEU		Y	Y	N	N	N	N	
N	3309	FedFund 30 Day@CBT	[111111111111]	1	0.01%	17:05	16:00	8	14:00	FFA Comdty	FF	07:30	07:30	12	Vwap	2	07:40	08:40	07:40	08:40		CBT	ZQ	ECBOT		Y	Y	N	N	N	N	
N	3310	Interbank Cash Rate 30 Day@SFE	[111111111111]	1	0.01%	17:05	16:30	8	16:30	IBA Comdty	YIB	08:44	08:44	12	Vwap	2	08:54	09:54	08:54	09:54		SFE	IB	SNFE		Y	Y	N	N	N	N	
N	3311	New Zeal Bank Bill 3 mon@SFE	[001001001001]	1	0.01%	17:05	16:30	8	16:30	ZBA Comdty	NBB	06:40	06:40	12	Vwap	2	06:50	07:50	06:50	07:50		SFE				N	N	N	N	N	N	
N	3312	Euroyen Tibor 3 Mon@TFX	[001001001001]	1	0.01%	08:30	20:15	8	20:15	YEA Comdty	JEY	08:55	08:55	12	Twap	2	09:05	10:05	09:05	10:05		TFX				N	N	N	N	N	N	
N	3401	5-year Euro Swapnote@LIF	[001001001001]	1	0.01%	07:00	18:00	8	16:15	T A Comdty	FBO	07:10	07:10	12	Vwap	2	07:20	08:20	07:20	08:20		LIF	O	ICEEU		Y	Y	N	N	N	N	
N	3402	10-Year Swap@CBT	[001001001001]	1	0.01%	17:05	16:00	8	14:00	CNPA Comdty	NI	07:30	07:30	12	Vwap	2	07:40	08:40	07:40	08:40		CBT	N1U	ECBOT		Y	Y	N	N	N	N	
N	3403	2-Year Euro Swapnote@LIF	[001001001001]	1	0.01%	07:00	18:00	8	16:15	RWA Comdty	FBS	07:10	07:10	12	Vwap	2	07:20	08:20	07:20	08:20		LIF	TWS	ICEEU		Y	Y	N	N	N	N	
N	3404	5-Year Swapnote@CBT	[001001001001]	1	0.01%	17:05	16:00	8	14:00	CFPA Comdty	IR	07:30	07:30	12	Vwap	2	07:40	08:40	07:40	08:40		CBT	F1U	ECBOT		Y	Y	N	N	N	N	
N	3405	30-Year Swapnote@CBT	[001001001001]	1	0.01%	17:05	16:00	8	14:00	CBPA Comdty	NTT	07:30	07:30	12	Vwap	2	07:40	08:40	07:40	08:40		CBT	B1U	ECBOT		Y	Y	N	N	N	N	
N	3406	2-Year Swapnote@CBT	[001001001001]	1	0.01%	17:05	16:00	8	14:00	CTPA Comdty		07:30	07:30	12	Vwap	2	07:40	08:40	07:40	08:40		CBT				N	N	N	N	N	N	
N	3407	10-year Euro Swapnotge@LIF	[001001001001]	1	0.01%	07:00	18:00	8	16:15	P A Comdty	FBP	07:10	07:10	12	Vwap	2	07:20	08:20	07:20	08:20		LIF	P	ICEEU		Y	Y	N	N	N	N	
N	3501	E-Mini@CME	[001001001001]	1	0.01%	17:05	16:00	8	15:15	ESA Index	ES	07:00	10:30	20	Vwap	10	08:35	09:25	08:00	09:00	3	CME	ES	GLOBEX		Y	Y	Y	Y	Y	Y	
N	3502	Euro Stoxx 50@EUX	[001001001001]	1	0.01%	02:10	22:00	8	17:30	VGA Index	STXE	08:10	08:10	20	Vwap	10	08:20	09:20	08:20	09:20		EUX	ESTX50	DTB		Y	Y	N	Y	N	N	
N	3503	Nikkei 225@OSE	[001001001001]	1	0.03%	16:30	15:10	8	15:10	NOA Index		12:00	08:50	20	Vwap	10	09:20	10:20	09:20	10:20		OSE	N255M	OSE.JPN		Y	Y	N	N	N	N	
N	3504	CSI 300 China@CFF	[111111111111]	1	0.03%	09:30	11:30	8	11:30	IFBA Index		09:25	09:25	20	Vwap	10	09:35	10:35	09:35	10:35		CFF				N	N	N	N	N	N	
N	3505	Nasdaq 100 E-mini@CME	[001001001001]	1	0.03%	17:05	16:00	8	15:15	NQA Index	NQ	20:00	20:00	20	Vwap	10	08:35	09:25	08:40	09:40		CME	NQ	GLOBEX		Y	Y	N	N	N	N	
N	3506	Russell 2000 Mini@NYF	[001001001001]	1	0.03%	20:00	18:00	8	16:15	RTYA Index	TFS	02:05	02:05	20	Vwap	10	08:35	09:25	09:00	11:00	3	NYF	TF	NYBOT	20:00	Y	Y	Y	Y	N	Y	
N	3507	DJ Industrial Average Mini@CBT	[001001001001]	1	0.03%	17:05	16:00	8	15:15	DMA Index	YM	20:00	12:00	20	Vwap	10	08:35	09:25	08:00	09:00	3	CBT	YM	ECBOT		Y	Y	N	N	N	N	
N	3508	CAC 40@EOP	[111111111111]	1	0.03%	08:00	22:00	8	17:35	CFA Index	FCE	12:00	08:05	20	Vwap	10	08:10	09:10	08:10	09:10	3	EOP	CAC40	MONEP		Y	Y	N	N	N	N	
N	3509	KOSPI200@KFE	[001001001001]	1	0.03%	18:00	15:46	8	15:15	KMA Index	KS	09:10	09:10	20	Twap	10	09:20	10:20	09:20	10:20		KFE	K200	KSE		Y	Y	N	N	N	N	
N	3510	Hang Seng China Enterprises@HKG	[111111111111]	1	0.03%	09:15	16:30	8	16:15	HCA Index	HCEI	09:15	09:15	20	Vwap	10	09:25	10:25	09:25	10:25		HKG	HHI.HK	HKFE		Y	Y	Y	Y	N	N	
N	3511	DAX Index@EUX	[001001001001]	1	0.03%	08:00	22:05	8	17:30	GXA Index	FDX	12:00	08:05	20	Vwap	10	07:55	08:55	07:55	08:55	3	EUX	DAX	DTB		Y	Y	Y	Y	N	Y	
N	3512	FTSE China A50@SGX	[111111111111]	1	0.03%	09:00	16:35	8	16:30	XUA Index	SFC	10:30	10:30	20	Vwap	10	09:05	10:05	09:05	10:05	3	SGX	XINA50	SGX		Y	Y	N	N	N	N	
N	3513	Nikkei 225@SGX	[001001001001]	1	0.03%	07:30	14:30	8	14:25	NIA Index	SSI	10:30	07:35	20	Vwap	10	07:50	08:50	07:50	08:50		SGX	N225U	SGX		Y	Y	Y	Y	N	Y	
N	3514	FTSE 100@LIF	[001001001001]	1	0.03%	01:00	21:00	8	16:30	Z A Index	FFI	01:05	01:05	20	Vwap	10	01:10	07:10	07:10	08:10	3	LIF	Z	ICEEU		Y	Y	N	N	Y	N	
N	3515	Hang Seng@HKG	[111111111111]	1	0.03%	09:15	16:30	8	16:15	HIA Index	HSI	09:15	09:15	20	Vwap	10	09:20	10:20	09:20	10:20	3	HKG	HSI	HKFE		Y	Y	Y	Y	N	N	
N	3516	MSCI Taiwan@SGX	[111111111111]	1	0.03%	08:45	13:50	8	13:45	TWA Index	STW	12:30	12:30	20	Vwap	10	09:00	10:00	09:00	10:00	3	SGX	STW	SGX		Y	Y	N	Y	N	N	Vwap failed without rejection during aution period 13:45--13:50 sometimes
N	3517	Nikkei 225@OSE	[001001001001]	1	0.03%	08:45	15:10	8	15:10	NKA Index	JNI	12:00	08:50	20	Vwap	10	09:20	10:20	09:20	10:20		OSE	N225	OSE.JPN		Y	Y	N	N	N	Y	
N	3518	CNX Nifty @SGX	[111111111111]	1	0.03%	09:00	18:15	8	18:10	IHA Index	SIN	12:00	09:05	20	Vwap	10	11:40	12:40	11:40	12:40	1	SGX	NIFTY	SGX		Y	Y	N	N	N	N	
N	3519	Nikkei 225@CME	[001001001001]	1	0.03%	17:05	16:00	8	15:15	NHA Index	NIY	07:00	12:30	20	Vwap	10	08:35	09:25	08:35	09:25	3	CME	NIY	GLOBEX		Y	Y	N	Y	N	N	
N	3520	Euro Stoxx 600 Auto@EUX	[001001001001]	1	0.03%	08:00	22:00	8	17:30	EBA Index	FESA	08:00	08:00	20	Vwap	10	08:10	09:10	08:10	09:10		EUX	ESA	DTB		Y	Y	N	N	N	N	
N	3521	OMXS30@SSE	[111111111111]	1	0.03%	09:00	17:30	8	17:25	QCA Index		09:05	09:05	20	Vwap	10	09:15	10:15	09:15	10:15		SSE	OMXS30	OMS		Y	Y	N	N	N	N	
N	3522	TOPIX@TSE	[001001001001]	1	0.03%	08:45	15:10	8	15:10	TPA Index	TLFI	09:10	09:10	20	Vwap	10	08:55	09:55	08:55	09:55		TSE	TOPX	TSEJ		Y	Y	N	N	N	N	
N	3523	Swiss Index@EUX	[001001001001]	1	0.03%	08:00	22:05	8	17:20	SMA Index	FSMI	08:10	08:10	20	Vwap	10	08:20	09:20	08:20	09:20		EUX	SMI	SOFFEX		Y	Y	N	Y	N	N	
N	3524	MSCI Singapore@SGX	[111111111111]	1	0.03%	08:30	17:10	8	17:05	QZA Index	SSG	08:40	08:40	20	Vwap	10	08:50	09:50	08:50	09:50		SGX	SSG	SGX		Y	Y	N	N	N	N	
N	3525	Nikkei 225@CME	[001001001001]	1	0.03%	17:05	16:00	8	15:15	NXA Index	NK	07:00	12:30	20	Vwap	10	08:20	09:20	08:20	09:20	3	CME	NKD	GLOBEX		Y	Y	N	N	N	N	
N	3526	Hang Seng Mini@HKG	[111111111111]	1	0.03%	09:15	16:30	8	16:15	HUA Index	HMH	09:15	09:15	20	Vwap	10	09:25	10:25	09:25	10:25		HKG	MHI	HKFE		Y	Y	N	N	N	N	
N	3527	MSCI Emerging Market@NYL	[001001001001]	1	0.03%	09:20	16:59	8	16:00	MESA Index	MEM	09:35	09:35	20	Vwap	10	03:00	09:45	09:45	10:45	3	NYL	MXEF	NYSELIFFE		Y	Y	N	N	N	N	
N	3528	ASX SPI 200@SFE	[001001001001]	1	0.03%	09:50	16:30	8	16:30	XPA Index	YAP	10:00	10:00	20	Vwap	10	10:10	11:10	10:10	11:10		SFE	SPI	SNFE		Y	Y	N	N	N	N	
N	3529	Euro Stoxx 50 DVD@EUX	[000000000001]	1	0.03%	08:00	20:00	8	17:30	DEDA Index	FEXD	08:40	08:40	20	Vwap	10	08:50	09:50	08:50	09:50		EUX	DESX5	DTB		Y	Y	N	N	N	N	
N	3530	SP400 E-Mini@CME	[001001001001]	1	0.03%	17:05	16:00	8	15:15	FAA Index	DM	07:00	12:30	20	Vwap	10	08:35	09:25	08:45	09:45	3	CME	EMD	GLOBEX	17:00	Y	Y	N	Y	N	N	
N	3531	Euro STOXX Banks@EUX	[001001001001]	1	0.03%	08:00	22:00	8	17:30	CAA Index	FESB	08:10	08:10	20	Vwap	10	08:20	09:20	08:20	09:20		EUX	SX7E	DTB		Y	Y	Y	Y	N	Y	
N	3532	Amsterdam Index@EOE	[111111111111]	1	0.03%	08:00	22:00	8	17:35	EOA Index		08:05	08:05	20	Vwap	10	08:05	09:05	08:05	09:05	3	EOE	EOE	FTA		Y	Y	N	N	N	N	
N	3533	Mini TOPIX@TSE	[001001001001]	1	0.03%	08:45	15:10	8	15:10	TMIA Index		09:10	09:10	20	Vwap	10	09:20	10:20	09:20	10:20		TSE	MNTPX	TSEJ		Y	Y	N	N	N	N	
N	3534	Euro Stoxx Mdia@EUX	[001001001001]	1	0.03%	08:00	22:00	8	17:30	NMA Index	FESM	08:00	08:00	20	Vwap	10	08:10	09:10	08:10	09:10		EUX	ESM	DTB		Y	Y	N	N	N	N	
N	3535	SP Toronto 60@MSE	[001001001001]	1	0.03%	06:00	16:15	8	15:00	PTA Index	SXF	06:05	06:05	20	Vwap	10	06:15	09:00	09:40	10:40	3	MSE	TSE60	CDE	06:00	Y	Y	N	Y	N	N	"SST not work with timequeue, CMKT, STP not supported"
N	3536	Hang Seng China Enterprises Mini@HKG	[111111111111]	1	0.03%	09:15	16:30	8	16:15	MHCA Index	HMCE	09:15	09:15	20	Vwap	10	09:25	10:25	09:25	10:25		HKG	MCH.HK	HKFE		Y	Y	N	N	N	N	
N	3537	Euro Stoxx Oil & Gas@EUX	[001001001001]	1	0.03%	08:00	22:00	8	17:30	QRA Index	FESE	08:00	08:00	20	Vwap	10	08:10	09:10	08:10	09:10		EUX	ESE	DTB		Y	Y	N	N	N	N	
N	3538	mini MSCI EAFE Index@NYL	[001001001001]	1	0.03%	09:20	16:59	8	16:00	MFSA Index	MFS	09:30	09:30	20	Vwap	10	09:40	10:40	09:40	10:40	3	NYL	MXEA	NYSELIFFE		Y	Y	N	N	N	N	
N	3539	Euro Stoxx Small@EUX	[001001001001]	1	0.03%	08:00	20:00	8	17:30	SXEA Index	FSCE	08:00	08:00	20	Vwap	10	08:10	09:10	08:10	09:10		EUX	DJESS	DTB		Y	Y	N	N	N	N	
N	3540	Stoxx Telecom@EUX	[001001001001]	1	0.03%	08:00	22:00	8	17:30	WZA Index	FEST	08:00	08:00	20	Vwap	10	08:10	09:10	08:10	09:10		EUX	SXKE	DTB		Y	Y	N	N	N	N	
N	3541	FTSE 100 Dividend Index @LIF	[000000000001]	1	0.03%	08:00	17:30	8	16:30	UKDA Index	LXZ	08:10	08:10	20	Vwap	10	08:20	09:20	08:20	09:20		LIF	F1DV	ICEEU		Y	Y	N	N	N	N	
N	3542	Euro Stoxx Utilities@EUX	[001001001001]	1	0.03%	08:00	22:00	8	17:30	ITA Index	FESU	08:00	08:00	20	Vwap	10	08:10	09:10	08:10	09:10		EUX	ESU	DTB		Y	Y	N	N	N	N	
N	3543	RDXUSD Index@EUX	[001001001001]	1	0.03%	08:00	20:00	8	17:30	RXDA Index	FRDX	08:00	08:00	20	Vwap	10	08:10	09:10	08:10	09:10		EUX	RDXUSD	DTB		Y	Y	N	N	N	N	
N	3544	Stoxx 50@EUX	[001001001001]	1	0.03%	08:00	22:00	8	17:30	VHA Index	STXX	08:00	08:00	20	Vwap	10	08:10	09:10	08:10	09:10		EUX	STX	DTB		Y	Y	N	N	N	N	
N	3545	Stoxx 600 Auto & Part@EUX	[001001001001]	1	0.03%	08:00	22:00	8	17:30	SXA Index	FSTA	08:00	08:00	20	Vwap	10	08:10	09:10	08:10	09:10		EUX	SXAP	DTB		Y	Y	N	N	N	N	
N	3546	Stoxx 600 Banks@EUX	[001001001001]	1	0.03%	08:00	22:00	8	17:30	BJA Index	FSTB	08:10	08:10	20	Vwap	10	08:20	09:20	08:20	09:20		EUX	SX7P	DTB		Y	Y	N	N	N	N	
N	3547	HSCEI Dividend Point Index@HKG	[000000000001]	1	0.03%	09:15	12:00	8	12:00	DHCA Index	DHH	13:10	13:10	20	Vwap	10	13:20	14:20	13:20	14:20		HKG	HHIDPI	HKFE		Y	Y	N	N	N	N	
N	3548	Stoxx 600 Basic Resources@EUX	[001001001001]	1	0.03%	08:00	22:00	8	17:30	JSA Index	FSTS	08:00	08:00	20	Vwap	10	08:10	09:10	08:10	09:10		EUX	SXPP	DTB		Y	Y	N	N	N	N	
N	3549	Russell 1000 Mini@NYF	[001001001001]	1	0.03%	20:00	18:00	8	16:15	RMA Index	RMF	09:40	09:40	20	Vwap	10	09:50	10:50	09:50	10:50		NYF	RYO	NYBOT		Y	Y	N	N	N	N	
N	3550	Stoxx 600 Food & Beverage@EUX	[001001001001]	1	0.03%	08:00	22:00	8	17:30	PFA Index	FSTO	08:00	08:00	20	Vwap	10	08:10	09:10	08:10	09:10		EUX	SX3P	DTB		Y	Y	N	N	N	N	
N	3551	Nikkei Dividend @SGX	[000000000001]	1	0.03%	07:30	14:25	8	14:20	MNDA Index		07:55	07:55	20	Vwap	10	08:05	09:05	08:05	09:05		SGX	NKYDIV	SGX		Y	Y	N	N	N	N	
N	3552	Stoxx Healthcare@EUX	[001001001001]	1	0.03%	08:00	22:00	8	17:30	HGA Index	FSTH	08:00	08:00	20	Vwap	10	08:10	09:10	08:10	09:10		EUX	SXDP	DTB		Y	Y	N	N	N	N	
N	3553	MSCI Indonesia @SGX	[111111111111]	1	0.03%	09:00	17:30	8	17:25	IDOA Index		09:10	09:10	20	Vwap	10	09:20	10:20	09:20	10:20		SGX	MXID	SGX		Y	Y	N	N	N	N	
N	3554	Stoxx 600 Industrial@EUX	[001001001001]	1	0.03%	08:00	22:00	8	17:30	QBA Index	FSTG	08:00	08:00	20	Vwap	10	08:10	09:10	08:10	09:10		EUX	SXNP	DTB		Y	Y	N	N	N	N	
N	3555	DAX mid-cap@EUX	[001001001001]	1	0.03%	08:00	22:00	8	17:30	MFA Index	HMCE	08:00	08:00	20	Vwap	10	08:10	09:10	08:10	09:10		EUX	MDAX	DTB		Y	Y	N	N	N	N	
N	3556	STOXX 600 Insurance@EUX	[001001001001]	1	0.03%	08:00	22:00	8	17:30	JVA Index	FSTI	08:00	08:00	20	Vwap	10	08:10	09:10	08:10	09:10		EUX	SXIP	DTB		Y	Y	N	N	N	N	
N	3558	Stoxx 600 Media@EUX	[001001001001]	1	0.03%	08:00	22:00	8	17:30	OMA Index	FSTM	08:00	08:00	20	Vwap	10	08:10	09:10	08:10	09:10		EUX	SXMP	DTB		Y	Y	N	N	N	N	
N	3559	Stoxx 600 Oil & Gas@EUX	[001001001001]	1	0.03%	08:00	22:00	8	17:30	KGA Index	FSTE	08:00	08:00	20	Vwap	10	08:10	09:10	08:10	09:10		EUX	SXEP	DTB		Y	Y	N	N	N	N	
N	3560	Russell 1000 value@NYF	[001001001001]	1	0.03%	20:00	18:00	8	16:15	RVBA Index	IRV	20:10	20:10	20	Vwap	10	08:35	09:25	20:20	21:20		NYF	RLV	NYBOT		Y	Y	N	N	N	N	
N	3561	Stoxx 600 Telecom@EUX	[001001001001]	1	0.03%	08:00	22:00	8	17:30	WQA Index	FSTT	08:00	08:00	20	Vwap	10	08:10	09:10	08:10	09:10		EUX	SXKP	DTB		Y	Y	N	N	N	N	
N	3562	Stoxx 600 Utilities@EUX	[001001001001]	1	0.03%	08:00	22:00	8	17:30	GPA Index	FSTU	08:00	08:00	20	Vwap	10	08:10	09:10	08:10	09:10		EUX	SX6P	DTB		Y	Y	N	N	N	N	
N	3563	Stoxx Europe Large 200@EUX	[001001001001]	1	0.03%	08:00	20:00	8	17:30	SXPA Index	FLCP	08:00	08:00	20	Vwap	10	08:10	09:10	08:10	09:10		EUX	DJ200L	DTB		Y	Y	N	N	N	N	
N	3564	Mini SP Toronto 60@MSE	[001001001001]	1	0.03%	06:00	16:00	8	15:00	MPTA Index	FCS	06:10	06:10	20	Vwap	10	06:20	07:20	06:20	07:20		MSE				N	N	N	N	N	N	
N	3565	Stoxx Europe Small 200@EUX	[001001001001]	1	0.03%	08:00	20:00	8	17:30	SXTA Index	FMCE	08:00	08:00	20	Vwap	10	08:10	09:10	08:10	09:10		EUX	DJ200S	DTB		Y	Y	N	N	N	N	
N	3566	S&P Mid-cap@CME	[001001001001]	1	0.03%	08:45	16:00	8	15:15	MDA Index	MD	08:40	08:40	20	Vwap	10	08:50	09:50	08:50	09:50		CME	EMD	GLOBEX		Y	Y	N	N	N	N	
N	3567	Russell 1000 Growth@NYF	[001001001001]	1	0.03%	20:00	18:00	8	16:15	RGAA Index	IRG	20:10	20:10	20	Vwap	10	08:35	09:25	08:35	09:25		NYF	RLG	NYBOT		Y	Y	N	N	N	N	
N	3568	DJ Industrial Average@CBT	[001001001001]	1	0.03%	08:45	15:15	8	15:15	DJA Index	DJ	08:40	08:40	20	Vwap	10	08:50	09:50	08:50	09:50		CBT	INDU	ECBOT		Y	Y	N	N	N	N	
N	3569	Stoxx 600 @EUX	[001001001001]	1	0.03%	08:00	20:00	8	17:30	SXOA Index	FXXP	08:00	08:00	20	Vwap	10	08:10	09:10	08:10	09:10	3	EUX	DJ600	DTB		Y	Y	N	N	N	N	
N	3570	Italian Index@MIL	[001001001001]	1	0.03%	08:30	20:50	8	17:35	STA Index		08:35	12:00	20	Vwap	10	09:10	10:10	09:10	10:10		MIL	FTMIB	IDEM		Y	Y	N	N	N	N	
N	3572	Brazil Index@BMF	[010101010101]	1	0.03%	08:55	18:20	8	17:55	XBA Index	WIN	09:10	09:10	20	Twap	10	09:20	10:20	09:20	10:20	3	BMF	IBOV	BOVESPA		Y	Y	N	N	N	N	
N	3575	South African Index@SAF	[001001001001]	1	0.03%	08:30	17:30	8	17:30	AIA Index	ALSI	08:40	08:40	20	Vwap	10	08:50	09:50	08:50	09:50		SAF	TOP40	HKFE		Y	Y	N	N	N	N	
N	3576	Spain Index@MFM	[111111111111]	1	0.03%	08:00	20:00	8	17:30	IBA Index	MFXI	12:30	08:05	20	Vwap	10	08:20	09:20	08:20	09:20	3	MFM	IBEX35	MEFFRV		Y	Y	N	N	N	N	
N	3579	Norwegian Index@OBX	[111111111111]	1	0.03%	08:30	16:30	8	16:20	OIA Index		08:40	08:40	20	Vwap	10	08:50	09:50	08:50	09:50	3	OBX				N	N	N	N	N	N	
N	3580	MSCI Europe Index Mini@NYL	[001001001001]	1	0.03%	18:05	17:59	8	16:15	MCEA Index	MEE	03:10	03:10	20	Vwap	10	03:20	04:20	03:20	04:20		NYL	MSPE	NYSELIFFE		Y	Y	N	N	N	N	
N	3581	Mexican Index@MDX	[001001001001]	1	0.03%	08:00	15:00	8	15:00	ISA Index		07:40	07:40	20	Vwap	10	07:50	08:50	07:50	08:50		MDX	IPC	MEXI		Y	Y	N	N	N	N	
N	3582	TAIPEX@FTX	 [111111111111] 	1	0.03%	15:00	13:45	8	13:45	FTA Index		08:45	08:45	20	Vwap	10	08:55	09:55	08:55	09:55	1	FTX				N	N	N	N	N	N	
N	3583	DTOP@SAF	[001001001001]	1	0.03%	08:30	19:30	8	17:30	DVA Index		08:30	08:30	20	Vwap	10	08:40	09:40	08:40	09:40		SAF				N	N	N	N	N	N	
N	3585	JPX Nikkei 400@OSE	[001001001001]	1	0.03%	08:45	15:10	8	15:10	JPWA Index		08:45	08:45	20	Vwap	10	08:55	09:55	08:55	09:55		OSE				N	N	N	N	N	N	
N	3601	CBOE VIX@CBF	[111111111111]	1	0.03%	15:30	15:15	8	15:15	UXA Index	VX	02:10	02:10	20	Vwap	10	02:20	03:20	02:20	03:20		CBF	VIX	CFE		Y	Y	N	N	N	N	
N	3602	Vstoxx Mini@EUX	[111111111111]	1	0.03%	08:00	22:00	8	17:30	FVSA Index	FVS	09:00	09:00	20	Vwap	10	09:10	10:10	09:10	10:10		EUX	V2TX	DTB		Y	Y	N	N	N	N	
N	4101	Steel Rebar@SHF	[111111111111]	1	0.05%	21:00	15:00	8	15:00	RBTA Comdty		13:40	13:40	20	Vwap	10	13:50	14:50	13:50	14:50		SHF				N	N	N	N	N	N	
N	4102	Copper@SHF	[111111111111]	1	0.05%	21:00	15:00	8	15:00	CUA Comdty		09:10	09:10	20	Vwap	10	09:20	10:20	09:20	10:20		SHF				N	N	N	N	N	N	
N	4103	Iron Ore@DCE	[111111111111]	1	0.05%	21:00	16:00	8	16:00	IOEA Comdty		13:40	13:40	20	Vwap	10	13:50	14:50	13:50	14:50		DCE				N	N	N	N	N	N	
N	4104	Zinc@SHF	[111111111111]	1	0.05%	21:00	15:00	8	15:00	ZNAA Comdty		09:10	09:10	20	Vwap	10	09:20	10:20	09:20	10:20		SHF				N	N	N	N	N	N	
N	4105	Alumninum@LME	[111111111111]	1	0.05%	00:00	23:45	8	17:00	LAA Comdty		20:10	20:10	20	Vwap	10	08:35	09:25	08:35	09:25		LME				N	N	N	N	N	N	
N	4106	Copper@CMX	[001010101001]	1	0.05%	18:05	17:00	8	13:00	HGA Comdty	HG	19:05	00:10	20	Vwap	10	08:35	09:25	08:35	09:25	1	CMX	HG	NYMEX	08:10	Y	Y	Y	Y	Y	Y	
N	4107	Copper@LME	[111111111111]	1	0.05%	00:00	23:45	8	17:00	LPA Comdty		20:10	20:10	20	Vwap	10	08:35	09:25	08:35	09:25		LME				N	N	N	N	N	N	
N	4108	Zinc@LME	[111111111111]	1	0.05%	00:00	23:45	8	17:00	LXA Comdty		20:10	20:10	20	Vwap	10	08:35	09:25	08:35	09:25		LME				N	N	N	N	N	N	
N	4109	Alumninum@SHF	[111111111111]	1	0.05%	21:00	15:00	8	15:00	AAA Comdty		09:10	09:10	20	Vwap	10	09:20	10:20	09:20	10:20		SHF				N	N	N	N	N	N	
N	4110	Nickel@LME	[111111111111]	1	0.05%	00:00	23:45	8	17:00	LNA Comdty		20:10	20:10	20	Vwap	10	08:35	09:25	08:35	09:25		LME				N	N	N	N	N	N	
N	4111	Lead@LME	[111111111111]	1	0.05%	00:00	23:45	8	17:00	LLA Comdty		20:10	20:10	20	Vwap	10	08:35	09:25	08:35	09:25		LME				N	N	N	N	N	N	
N	4112	NASAAC@LME	[111111111111]	1	0.05%	00:00	23:45	8	17:00	LKA Comdty		20:10	20:10	20	Vwap	10	08:35	09:25	08:35	09:25		LME				N	N	N	N	N	N	
N	4113	Tim@LME	[111111111111]	1	0.05%	00:00	23:45	8	17:00	LTA Comdty		20:10	20:10	20	Vwap	10	08:35	09:25	08:35	09:25		LME				N	N	N	N	N	N	
N	4114	Lead@SHF	[111111111111]	1	0.05%	21:00	15:00	8	15:00	PBLA Comdty		09:10	09:10	20	Vwap	10	09:20	10:20	09:20	10:20		SHF				N	N	N	N	N	N	
N	4118	Iron Ore@SGX	[111111111111]	1	0.05%	20:15	20:00	8	17:00	SCOA Comdty		08:00	08:00	20	Vwap	10	08:10	09:10	08:10	09:10	3	SGX		SGX		N	N	N	N	N	Y	
N	4201	Rubber@SHF	[101111111110]	1	0.05%	21:00	15:00	8	15:00	RTA Comdty		13:40	13:40	20	Vwap	10	13:50	14:50	13:50	14:50		SHF				N	N	N	N	N	N	
N	4202	ZCE Glass @ZCE	[111111111111]	1	0.05%	21:00	15:00	8	15:00	FGLA Comdty		13:40	13:40	20	Vwap	10	13:50	14:50	13:50	14:50		ZCE				N	N	N	N	N	N	
N	4203	Polyethylene@DCE	[101010101000]	1	0.05%	08:59	16:00	8	16:00	POLA Comdty	HMCE	13:40	13:40	20	Vwap	10	13:50	14:50	13:50	14:50		DCE				N	N	N	N	N	N	
N	4204	Pure Terephthalic Acid@ZCE	[111111111111]	1	0.05%	21:00	15:00	8	15:00	PTA Comdty		13:40	13:40	20	Vwap	10	13:50	14:50	13:50	14:50		ZCE				N	N	N	N	N	N	
N	4205	Blockboard@DCE	[111111111111]	1	0.05%	08:59	16:00	8	16:00	BLCA Comdty		13:40	13:40	20	Vwap	10	13:50	14:50	13:50	14:50		DCE				N	N	N	N	N	N	
N	4206	Fibreboard@DCE	[111111111111]	1	0.05%	08:59	16:00	8	16:00	FREA Comdty		13:40	13:40	20	Vwap	10	13:50	14:50	13:50	14:50		DCE				N	N	N	N	N	N	
N	4207	Methanol @ZCE	[111111111111]	1	0.05%	21:00	15:00	8	15:00	ZMEA Comdty		13:40	13:40	20	Vwap	10	13:50	14:50	13:50	14:50		ZCE				N	N	N	N	N	N	
N	4208	Rubber@TCM	[111111111111]	1	0.05%	16:30	15:20	8	15:20	JNA Comdty	JRU	09:10	09:10	20	Vwap	10	09:20	10:20	09:20	10:20		TCM				Y	Y	N	N	N	N	
N	4213	TSR20 ROB@SGX	[111111111111]	1	0.05%	07:55	18:00	8	18:00	ORA Comdty		07:55	07:55	10	Vwap	10	09:20	10:20	09:20	10:20		SGX				N	N	N	N	N		N
N	4209	Polyvinyl Chloride@DCE	[101010001010]	1	0.05%	08:59	16:00	8	16:00	PVCA Comdty	DPV	13:40	13:40	20	Vwap	10	13:50	14:50	13:50	14:50		DCE				N	N	N	N	N	N	
N	4210	Lumber@CME	[101010101010]	1	0.05%	17:05	16:00	8	13:05	LBA Comdty	LB	09:10	09:10	20	Vwap	10	09:20	10:20	09:20	10:20		CME	LB	GLOBEX		Y	Y	Y	Y	Y	Y	
N	4301	Silver @SHF	[111111111111]	1	0.05%	21:00	15:00	8	15:00	SAIA Comdty		07:55	07:55	20	Vwap	10	08:05	09:05	08:05	09:05		SHF				N	N	N	N	N	N	
N	4302	Gold@SHF	[111111111111]	1	0.05%	21:00	15:00	8	15:00	AUAA Comdty		09:10	09:10	20	Vwap	10	09:20	10:20	09:20	10:20		SHF				N	N	N	N	N	N	
N	4303	Gold @CMX	[010101010001]	1	0.05%	18:05	17:00	8	13:30	GCA Comdty	GC	07:05	07:05	20	Vwap	10	08:35	09:25	08:35	09:25	3	CMX	GC	NYMEX	08:20	Y	Y	Y	Y	Y	Y	
N	4304	Silver @CMX	[001010101001]	1	0.05%	18:05	17:00	8	13:25	SIA Comdty	SI	07:05	07:05	20	Vwap	10	08:35	09:25	07:15	08:15	1	CMX	SI	NYMEX	08:25	Y	Y	Y	Y	Y	Y	
N	4305	Gold@TCM	[010101010101]	1	0.05%	18:05	15:20	8	15:20	JGA Comdty	JAU	07:05	07:05	20	Vwap	10	07:15	08:15	07:15	08:15		TCM				N	N	N	N	N	N	
N	4306	Platinum@TCM	[010101010101]	1	0.05%	16:30	15:20	8	15:20	JAA Comdty	JPL	07:05	07:05	20	Vwap	10	07:15	08:15	07:15	08:15		TCM				N	N	N	N	N	N	
N	4307	Platinum@NYM	[100100100100]	1	0.05%	18:05	17:00	8	13:05	PLA Comdty	PL	09:00	10:30	30	Vwap	20	08:35	09:25	08:35	09:25	1	NYM	PL	NYMEX	08:20	Y	Y	Y	Y	Y	Y	
N	4309	Palladium@NYM	[001001001001]	1	0.05%	18:05	17:00	8	13:00	PAA Comdty	PA	12:00	09:00	30	Vwap	20	08:35	09:25	07:05	08:05	1	NYM	PA	NYMEX	08:30	Y	Y	Y	Y	Y	Y	
N	4314	Silver @TCM	[010101010101]	1	0.05%	16:30	15:20	8	15:20	JIA Comdty	JSV	08:05	08:05	20	Vwap	10	08:15	09:15	08:15	09:15		TCM				N	N	N	N	N	N	
N	4315	Palladium@TCM	[010101010101]	1	0.05%	16:30	15:20	8	15:20	JMA Comdty	JPA	09:10	09:10	20	Vwap	10	09:20	10:20	09:20	10:20		TCM				N	N	N	N	N	N	
